measure,,,,,,mentions,mentions,mentions,muc,muc,muc,bcub,bcub,bcub,ceafe,ceafe,ceafe,lea,lea,lea,conll
metric,,,,,,F1,P,R,F1,P,R,F1,P,R,F1,P,R,F1,P,R,F1
scenario,experiment,dev-corpus,test-corpus,topics,seed,,,,,,,,,,,,,,,,
gg,ecbp,ecbp,gvc,closure,0,1.0,1.0,1.0,0.8202764976958525,0.8186596583442839,0.8218997361477572,0.5863560716717316,0.4884767321710088,0.7332903474361219,0.38118444527160233,0.38419379615532556,0.37822187186275574,0.46375649190113244,0.36103519913745885,0.6481742301652806,59.593900487972896
gg,ecbp,ecbp,gvc,closure,1,1.0,1.0,1.0,0.7918994413407822,0.841246290801187,0.7480211081794196,0.6517053570184054,0.696060448876126,0.6126645084888487,0.45983709254249644,0.39011450089345373,0.5599052681216926,0.5241426759658562,0.5309259735220132,0.5175305234064856,63.44806303005613
gg,ecbp,ecbp,gvc,closure,2,1.0,1.0,1.0,0.8139059304703476,0.842031029619182,0.787598944591029,0.6610316974227941,0.6607240856992518,0.6613395957078507,0.4651221074444463,0.4180332990461449,0.5241661055397258,0.5425766665366452,0.5164746925787934,0.5714573964025025,64.66865784458626
gg,ecbp,ecbp,gvc,predicted,0,1.0,1.0,1.0,0.7919375812743824,0.7807692307692308,0.8034300791556728,0.5232915240426289,0.4185986133614662,0.6978181806755607,0.3344256498232836,0.355938410923027,0.31536512055874416,0.3985905633733166,0.2971351112134109,0.6052507038770056,54.988491838009836
gg,ecbp,ecbp,gvc,predicted,1,1.0,1.0,1.0,0.7506925207756233,0.7900874635568513,0.7150395778364116,0.5970031202818326,0.6249559682968544,0.5714437510884466,0.41957108148675176,0.3625727458885515,0.4978330448728816,0.4601332339521767,0.4526080993189919,0.4679128274424311,58.908890751473585
gg,ecbp,ecbp,gvc,predicted,2,1.0,1.0,1.0,0.7778528021607022,0.7966804979253111,0.7598944591029023,0.6041956950618562,0.5949063938467741,0.6137796977743851,0.42845655404578187,0.3955706343273556,0.46730624158879314,0.480361759169084,0.45063990938258613,0.5142810451766784,60.35016837561135
gg,ecbp,ecbp,ecbp,closure,0,1.0,1.0,1.0,0.7848804891606448,0.8567961165048543,0.7241025641025641,0.7936823152921155,0.8586581225240267,0.7378483452955558,0.764523727865026,0.7041455464279868,0.8362275060685159,0.6696024265345909,0.6988843095610039,0.6426755791643262,78.10288441059288
gg,ecbp,ecbp,ecbp,closure,1,1.0,1.0,1.0,0.7828983897834536,0.8535108958837773,0.7230769230769231,0.7958217495671464,0.8548988264788967,0.744381856531884,0.7612288153228831,0.7017827495560541,0.8316779417099076,0.6689711606707653,0.6942772563227758,0.6454449796746211,77.99829848911611
gg,ecbp,ecbp,ecbp,closure,2,1.0,1.0,1.0,0.8178010471204189,0.8352941176470589,0.801025641025641,0.8084864444232223,0.8330805405736286,0.7853028355125127,0.781841452550477,0.7633363294131876,0.8012660849119796,0.6901890620550784,0.7105691469537316,0.6709454387391914,80.27096480313728
gg,ecbp,ecbp,ecbp,predicted,0,1.0,1.0,1.0,0.7848383500557414,0.8595848595848596,0.7220512820512821,0.8001745781499687,0.8708157876429565,0.7401343424535815,0.7629768737701543,0.7010495104464582,0.8369050677503681,0.6739174259492412,0.70716422435252,0.6436564005020542,78.26632673252881
gg,ecbp,ecbp,ecbp,predicted,1,1.0,1.0,1.0,0.7877777777777778,0.8593939393939394,0.7271794871794872,0.8014587926898277,0.873550127084258,0.7403592785707961,0.7649253374652064,0.7048526669836457,0.8361916732538902,0.6742666251290925,0.7132708766254005,0.6393069886357708,78.4720635977604
gg,ecbp,ecbp,ecbp,predicted,2,1.0,1.0,1.0,0.8186582809224319,0.8370846730975349,0.801025641025641,0.8141829876595238,0.842780917903329,0.7874621780641451,0.7848782522578198,0.7654184608795267,0.8053533370993281,0.6973030098247457,0.7229080647971988,0.6734497446949184,80.59065069465919
gg,ecbp,ecbp,fcct,predicted,0,1.0,1.0,1.0,0.6954545454545454,0.6930917327293318,0.6978335233751425,0.5358052372669775,0.49258882944328236,0.5873339393718958,0.24027239782938373,0.2447775052886847,0.2359301255794551,0.4042746545500845,0.3622027267909135,0.4574048566816467,49.05107268503022
gg,ecbp,ecbp,fcct,predicted,1,1.0,1.0,1.0,0.6926113931190072,0.6852678571428571,0.7001140250855188,0.5188328151934265,0.4645813801729003,0.5874298676204203,0.25129383857529103,0.2675339165784561,0.23691256468092195,0.3935171679295745,0.34511457114067956,0.4577115869462484,48.75793489625749
gg,ecbp,ecbp,fcct,predicted,2,1.0,1.0,1.0,0.7075732448866776,0.6866952789699571,0.7297605473204105,0.5038819421698443,0.42107474700612557,0.6272311966208621,0.2360559117322512,0.2945382322064576,0.196950263704318,0.3972324476898699,0.33025562800335,0.49828640715075617,48.250369959625765
gg,gvc,gvc,gvc,closure,0,1.0,1.0,1.0,0.578853046594982,0.9022346368715084,0.4261213720316623,0.5351946062032591,0.9254233469533154,0.3764533103949654,0.3220230670949751,0.21341495003090255,0.6557257272970218,0.3174718074895346,0.4538686978471725,0.24411132674477837,47.86902399644053
gg,gvc,gvc,gvc,closure,1,1.0,1.0,1.0,0.6179001721170396,0.8886138613861386,0.4736147757255937,0.5604850420022235,0.9071553752941764,0.4055165045209092,0.35051899418967675,0.23709694305334622,0.6719794189128517,0.35517886466807436,0.49305993690851735,0.2775607641048642,50.963473610297996
gg,gvc,gvc,gvc,closure,2,1.0,1.0,1.0,0.5140712945590994,0.8896103896103896,0.36147757255936674,0.4929232942214727,0.931173117687313,0.3351754281802821,0.28180283888157986,0.18319375840202237,0.6103294645207273,0.2599685104529186,0.3938010114666266,0.19402835480365224,42.95991425540506
gg,gvc,gvc,gvc,predicted,0,1.0,1.0,1.0,0.5592920353982301,0.8494623655913979,0.41688654353562005,0.5170204282699983,0.8802900569462083,0.3659880161010143,0.319703868617069,0.21313591241137933,0.639407737234138,0.29734081577763194,0.41446516421142676,0.2318281439090079,46.53387774284325
gg,gvc,gvc,gvc,predicted,1,1.0,1.0,1.0,0.5964316057774002,0.837708830548926,0.4630606860158311,0.5376646527141493,0.8543648158250513,0.39225984061887603,0.3439838427630259,0.23438748684510696,0.6460836424953207,0.32948797390543166,0.4463785233686885,0.26111207299238437,49.26933670848585
gg,gvc,gvc,gvc,predicted,2,1.0,1.0,1.0,0.5004651162790698,0.8485804416403786,0.3548812664907652,0.4885971981014116,0.9004998552248585,0.33524905813104966,0.2760176627786524,0.1800209835315028,0.5913642671449367,0.24954405960883042,0.3599352554026305,0.19097310942437445,42.169332571971125
gg,gvc,gvc,ecbp,closure,0,1.0,1.0,1.0,0.7245632065775951,0.7260556127703398,0.7230769230769231,0.7470222925638395,0.7769029236518248,0.7193550236817912,0.6505752813325116,0.6489669370028887,0.652191617435201,0.5643649645633236,0.6072160388386432,0.5271631979656469,70.73869268246486
gg,gvc,gvc,ecbp,closure,1,1.0,1.0,1.0,0.7116173120728928,0.6401639344262295,0.801025641025641,0.6966732735087489,0.6271278688577769,0.7835670117912232,0.5526760702222733,0.6735739605833956,0.4685731899710578,0.5136499062280104,0.4985906934090362,0.5296471340463408,65.36555519346383
gg,gvc,gvc,ecbp,closure,2,1.0,1.0,1.0,0.702275894101254,0.6417657045840407,0.7753846153846153,0.6916250857006577,0.6368463640057926,0.7567143216120837,0.545124853717369,0.6370354395185532,0.4763917199877877,0.5043813261707284,0.501982350238391,0.5068033416428901,64.6341944506427
gg,gvc,gvc,ecbp,predicted,0,1.0,1.0,1.0,0.7178958225889632,0.7219917012448133,0.7138461538461538,0.7474024426328624,0.7876995916929762,0.7110276766992716,0.6464741906578626,0.6421168278531832,0.6508910950660839,0.558049886343185,0.6102731462636842,0.5140599356188287,70.3924151959896
gg,gvc,gvc,ecbp,predicted,1,1.0,1.0,1.0,0.7093235831809873,0.6397361912613355,0.7958974358974359,0.7007255403506211,0.6418947665924137,0.7714282869403716,0.5514681524341,0.6672083819573061,0.46994677337862434,0.514739180303846,0.5119769379886266,0.5175313902640404,65.38390919885694
gg,gvc,gvc,ecbp,predicted,2,1.0,1.0,1.0,0.700517160319699,0.6467013888888888,0.764102564102564,0.6971383411990149,0.6561265381990335,0.7436189385199939,0.5486448135014645,0.6259617975697441,0.4883279613339122,0.5014661754472093,0.5102301003548859,0.4929982322890279,64.87667716733928
gg,gvc,gvc,fcct,predicted,0,1.0,1.0,1.0,0.6949720670391061,0.6812705366922235,0.7092360319270239,0.5128014462140784,0.44685257453422805,0.6015868177402331,0.20934603364507656,0.23833240753439483,0.18664586132211644,0.3961507242080533,0.3410252653919244,0.4725340932416423,47.237318229942034
gg,gvc,gvc,fcct,predicted,1,1.0,1.0,1.0,0.7102085620197585,0.6846560846560846,0.7377423033067275,0.452156652425236,0.3485630784137693,0.6433662634014111,0.16759106580718044,0.22573490496477364,0.1332651848587218,0.34895504659078175,0.2645048689340436,0.5126237378631496,44.33187600840583
gg,gvc,gvc,fcct,predicted,2,1.0,1.0,1.0,0.6811180832857957,0.6815068493150684,0.6807297605473204,0.4359574391163145,0.41142076234712294,0.4636064098739054,0.18252630947864523,0.1819798235221223,0.18307608751924354,0.30556526493432384,0.2790924725409334,0.33758638781957645,43.32006106269184
gg,fcct,fcct,ecbp,closure,0,1.0,1.0,1.0,0.6663858466722831,0.5654038598999285,0.8112820512820513,0.5797002876985271,0.46221590606498275,0.7772619407715243,0.37768579223520143,0.5878416661298542,0.2782207140316453,0.4082930585132237,0.36311538614722677,0.46630986252004103,54.12573088686705
gg,fcct,fcct,ecbp,closure,1,1.0,1.0,1.0,0.5864197530864197,0.7364341085271318,0.48717948717948717,0.7171751231261945,0.8717245119021392,0.6091737632053856,0.6160740893355984,0.5265126578462824,0.7423501449137025,0.5019731311664517,0.5625347779561263,0.4531840220329629,63.98896551827376
gg,fcct,fcct,ecbp,closure,2,1.0,1.0,1.0,0.6656346749226005,0.6697819314641744,0.6615384615384615,0.713039645003758,0.7560136182563739,0.6746884278408299,0.5902835294268455,0.5859485218667951,0.5946831582176045,0.4958872971346474,0.5507726589551649,0.4509494728314604,65.63192831177346
gg,fcct,fcct,ecbp,predicted,0,1.0,1.0,1.0,0.6748518204911093,0.5746214852198991,0.8174358974358974,0.5987651057959299,0.4857465912413771,0.7803225120039283,0.3957086573074778,0.6031284624101252,0.29444656612071946,0.4269265869752415,0.38899929328013044,0.473048664696054,55.64418611981723
gg,fcct,fcct,ecbp,predicted,1,1.0,1.0,1.0,0.5891089108910892,0.7425897035881436,0.4882051282051282,0.7205549703785991,0.8790907302655484,0.6104635927456892,0.6137477504636533,0.5237601522832932,0.7410718179511441,0.5049636588454679,0.5685502325389965,0.45416941843871605,64.11372105777805
gg,fcct,fcct,ecbp,predicted,2,1.0,1.0,1.0,0.665974025974026,0.6747368421052632,0.6574358974358975,0.7181055821698367,0.7706250552085924,0.672287957843218,0.5872578707227617,0.5784136256817562,0.5963767817588294,0.4988327974376389,0.563415062044745,0.4475336113557842,65.71124929555414
gg,fcct,fcct,fcct,predicted,0,1.0,1.0,1.0,0.5863095238095237,0.8436830835117773,0.4492588369441277,0.6049206808315438,0.8785053293574516,0.46127130011615486,0.29989134779728754,0.19315918408471125,0.6702390965830944,0.3887927441536831,0.4079652030227078,0.37134143147184534,49.70405174794517
gg,fcct,fcct,fcct,predicted,1,1.0,1.0,1.0,0.5947169811320756,0.8794642857142857,0.4492588369441277,0.5899308702043223,0.822634261621294,0.4598503089707761,0.299210868682972,0.1913440933342367,0.685841780324523,0.35133902573521,0.3318360426235398,0.3732776546337754,49.461957333978994
gg,fcct,fcct,fcct,predicted,2,1.0,1.0,1.0,0.5602409638554217,0.8248337028824834,0.4241733181299886,0.46021045774541075,0.8215179345256749,0.3196339384328097,0.2978720900195281,0.19069851709020466,0.6800814585385612,0.27546407534865125,0.3352118357976467,0.2337930747130384,43.944117054012025
gg,fcct,fcct,gvc,closure,0,1.0,1.0,1.0,0.72,0.8412698412698413,0.6292875989445911,0.6026214717481224,0.7788234666832394,0.4914379381354994,0.4162791009619999,0.3127513558008775,0.6222617649095179,0.44593849113406564,0.5329690171961465,0.38334124909293077,57.96335242367074
gg,fcct,fcct,gvc,closure,1,1.0,1.0,1.0,0.5742222222222222,0.8801089918256131,0.4261213720316623,0.5279268016492745,0.92459835992959,0.36943265584152,0.33167490737408484,0.22064332451169857,0.6676461218385076,0.3226735173275912,0.49276466027254673,0.23987435181691394,47.79413104151938
gg,fcct,fcct,gvc,closure,2,1.0,1.0,1.0,0.603448275862069,0.8706467661691543,0.46174142480211083,0.5344994763718052,0.9120771739068266,0.37801180971684234,0.34837146659930646,0.23542042642685373,0.6696674306131746,0.3352566407570954,0.515422362425517,0.24842111840220749,49.54397396110602
gg,fcct,fcct,gvc,predicted,0,1.0,1.0,1.0,0.6806282722513088,0.7858376511226253,0.600263852242744,0.5724410609189671,0.7267373880938547,0.47218887795120085,0.3863051646702122,0.29336346510573913,0.5654466788566578,0.4044018250070116,0.47207367795603083,0.35369900438652235,54.64581659468294
gg,fcct,fcct,gvc,predicted,1,1.0,1.0,1.0,0.5424321959755031,0.8051948051948052,0.40897097625329815,0.5077235521600789,0.8753993290270892,0.35754947933938275,0.3185305139462413,0.21357302127667593,0.6263333162828942,0.29494945728874516,0.44224473972108036,0.22125698182979464,45.622875402727445
gg,fcct,fcct,gvc,predicted,2,1.0,1.0,1.0,0.5813559322033899,0.8127962085308057,0.4525065963060686,0.5206072120272398,0.861999316257991,0.37291529020889996,0.3311557301580577,0.22598718069387302,0.6194156403474551,0.3118388314525989,0.46585920797277264,0.23435679230264392,47.77062914628958
gg_aug,gg_aug_bbc-ecbp,ecbp,gvc,closure,0,1.0,1.0,1.0,0.7970128988458928,0.820979020979021,0.7744063324538258,0.6155601704340206,0.5776316243971916,0.6588197018298296,0.42987030941868415,0.39070839563689724,0.477757416426465,0.48667188391892957,0.42594941266895314,0.5675857380957989,61.41477928995326
gg_aug,gg_aug_bbc-ecbp,ecbp,gvc,closure,1,1.0,1.0,1.0,0.8002717391304347,0.8249299719887955,0.7770448548812665,0.6316515391262244,0.6042097391364579,0.6617046229116627,0.425455574547977,0.3859618081342407,0.47395310118038886,0.5028569929442971,0.45082660900555505,0.5684640392617231,61.9126284268212
gg_aug,gg_aug_bbc-ecbp,ecbp,gvc,closure,2,1.0,1.0,1.0,0.7986254295532645,0.8335724533715926,0.7664907651715039,0.6536698010728181,0.6594830401506011,0.6479581520674,0.4445831489935225,0.3911981645671349,0.5148411077722915,0.5255100129756128,0.4988170033679403,0.5552213684895818,63.22927932065351
gg_aug,gg_aug_bbc-ecbp,ecbp,gvc,predicted,0,1.0,1.0,1.0,0.7719063545150503,0.7829036635006784,0.7612137203166227,0.565785054335563,0.5125711978493037,0.631327937778212,0.3911166818384941,0.37192637735576417,0.412395050539552,0.43426750934339065,0.36611234685645977,0.5336024950888136,57.62693635630358
gg_aug,gg_aug_bbc-ecbp,ecbp,gvc,predicted,1,1.0,1.0,1.0,0.7632461435278337,0.7762619372442019,0.7506596306068601,0.5685196388450271,0.5244557245327983,0.6206670737469344,0.37992671147401474,0.3581419229720644,0.4045333637715546,0.43500206916838957,0.3744057910993039,0.5190004989464478,57.05641646156252
gg_aug,gg_aug_bbc-ecbp,ecbp,gvc,predicted,2,1.0,1.0,1.0,0.7600271923861318,0.7840112201963534,0.737467018469657,0.5912719267615746,0.5783213320258335,0.6048158238843947,0.3998182715057873,0.36202032567015613,0.44642920989376766,0.45422470048277513,0.41533113115132037,0.5011552453382854,58.370579688449794
gg_aug,gg_aug_bbc-ecbp,ecbp,ecbp,closure,0,1.0,1.0,1.0,0.7472654001151411,0.8517060367454068,0.6656410256410257,0.774098993534639,0.8746852380602523,0.6942610078649911,0.7365359684475187,0.659481861728795,0.8339783046458551,0.62998693950568,0.6768316760102455,0.5892068730669977,75.26334540324329
gg_aug,gg_aug_bbc-ecbp,ecbp,ecbp,closure,1,1.0,1.0,1.0,0.7419918462434478,0.8584905660377359,0.6533333333333333,0.7691084844376886,0.8831407112333469,0.6811566861255363,0.7291311188444494,0.6472970385502507,0.8346513366647953,0.6266009297908662,0.6859021283052517,0.5767377786353157,74.67438165085287
gg_aug,gg_aug_bbc-ecbp,ecbp,ecbp,closure,2,1.0,1.0,1.0,0.7534722222222222,0.8645418326693227,0.6676923076923077,0.7748395549786293,0.8880855547680948,0.687208760082976,0.738508984859934,0.6586896106443033,0.8403406585486951,0.6384406349444839,0.7011678332619679,0.58601511747607,75.56069206869286
gg_aug,gg_aug_bbc-ecbp,ecbp,ecbp,predicted,0,1.0,1.0,1.0,0.7476851851851851,0.8579017264276229,0.6625641025641026,0.7773138284933724,0.8847442589631123,0.6931480459003302,0.7350361550529174,0.6555921305048416,0.8363889664949966,0.6309662961565471,0.6814994979318453,0.5874098441430686,75.3345056243825
gg_aug,gg_aug_bbc-ecbp,ecbp,ecbp,predicted,1,1.0,1.0,1.0,0.7441860465116279,0.8590604026845637,0.6564102564102564,0.7715305372992077,0.8903199174092875,0.6807082304519054,0.7288493207224708,0.6478660628644185,0.8329706522542524,0.6273865165442304,0.6914493138451094,0.5741879845210801,74.81886348444354
gg_aug,gg_aug_bbc-ecbp,ecbp,ecbp,predicted,2,1.0,1.0,1.0,0.7579802669762044,0.8729946524064172,0.6697435897435897,0.778694398360627,0.899731173165162,0.6863613086281447,0.7425665648020269,0.660898633498703,0.8472638382244243,0.644110015662982,0.7135842824969322,0.5869634956015798,75.97470767129528
gg_aug,gg_aug_bbc-ecbp,ecbp,fcct,predicted,0,1.0,1.0,1.0,0.6582125603864735,0.699614890885751,0.621436716077537,0.506783707434029,0.5718441064808673,0.45501527127141234,0.2575901397521314,0.20977984866177368,0.33362578341390514,0.34556177903463925,0.35865328865778046,0.3333923408164261,47.4195469190878
gg_aug,gg_aug_bbc-ecbp,ecbp,fcct,predicted,1,1.0,1.0,1.0,0.6590184831102613,0.7471098265895953,0.5895096921322691,0.5264960135638512,0.6489830801261023,0.44290372871007766,0.2675783364377656,0.19706267797482166,0.4166807227057976,0.34123774661209955,0.3572915510955828,0.32656456537485534,48.43642777039594
gg_aug,gg_aug_bbc-ecbp,ecbp,fcct,predicted,2,1.0,1.0,1.0,0.6765067650676507,0.7343124165554072,0.6271379703534777,0.5651718145665903,0.6109232634023126,0.5257955010347196,0.2815935107861183,0.2202942431319973,0.3901596836193205,0.3886195059197951,0.3716336652523568,0.40723241864677456,50.7757363473453
gg_aug,gg_aug_abc-fcct,fcct,ecbp,closure,0,1.0,1.0,1.0,0.6410121244069584,0.6594360086767896,0.6235897435897436,0.708499220966411,0.7615024776694294,0.6623942465039484,0.5781610473926362,0.5603040919661736,0.597193678145313,0.49060048115784305,0.5436983771534334,0.44695099054280885,64.25574642553352
gg_aug,gg_aug_abc-fcct,fcct,ecbp,closure,1,1.0,1.0,1.0,0.6225563909774436,0.6088235294117647,0.6369230769230769,0.6902400667582723,0.692308547728218,0.688183909391632,0.5139249028596649,0.5291397848522207,0.49956054222073004,0.4575617261020445,0.4770064672729819,0.4396401878270768,60.89071201984603
gg_aug,gg_aug_abc-fcct,fcct,ecbp,closure,2,1.0,1.0,1.0,0.6763035622096024,0.6808731808731808,0.6717948717948717,0.7172493351898099,0.7634813818116425,0.6762966925145772,0.607335367163721,0.602509352632469,0.612239317333366,0.5174419240443509,0.5758836068520556,0.4697689441248073,66.69627548543778
gg_aug,gg_aug_abc-fcct,fcct,ecbp,predicted,0,1.0,1.0,1.0,0.6440677966101696,0.6659364731653888,0.6235897435897436,0.7145467947049866,0.777030276558358,0.6613643766290737,0.5679022924074875,0.5475966741091806,0.5897718216803224,0.4898768735156962,0.5530339450826806,0.4396664875742345,64.21722945742145
gg_aug,gg_aug_abc-fcct,fcct,ecbp,predicted,1,1.0,1.0,1.0,0.6230498238550579,0.6116600790513834,0.6348717948717949,0.6940408811208053,0.7013929133389077,0.6868413787459838,0.5103699600318738,0.5226640280795167,0.49864096095039606,0.4562957704656219,0.4818712526002591,0.4332983137340288,60.9153555002579
gg_aug,gg_aug_abc-fcct,fcct,ecbp,predicted,2,1.0,1.0,1.0,0.6690946930280958,0.6789862724392819,0.6594871794871795,0.7155976298165697,0.773516634835077,0.6657480675343026,0.6000130282417454,0.5899287756662539,0.6104480374285584,0.5061142589074044,0.5761522395443326,0.45125855302023243,66.1568450362137
gg_aug,gg_aug_abc-fcct,fcct,fcct,predicted,0,1.0,1.0,1.0,0.5755504935459378,0.8613636363636363,0.4321550741163056,0.5791548584386146,0.8860262306035247,0.43016801690873674,0.3021678773474138,0.19267586872318507,0.6999008966269915,0.3673301578133791,0.3921772849952948,0.34544391115148404,48.56244097773221
gg_aug,gg_aug_abc-fcct,fcct,fcct,predicted,1,1.0,1.0,1.0,0.6799724707501722,0.8576388888888888,0.5632839224629419,0.6310219366461554,0.8095499166757785,0.5170075739330025,0.3508393223230413,0.23777440153156867,0.668919551296642,0.43506187370169386,0.4398141437167317,0.43041120412068906,55.39445765731229
gg_aug,gg_aug_abc-fcct,fcct,fcct,predicted,2,1.0,1.0,1.0,0.5863874345549738,0.8521739130434782,0.4469783352337514,0.5266045135204096,0.8729081970628314,0.3770283113006187,0.2875079884206447,0.18468566323075714,0.6486249497803097,0.33124538612625365,0.39647453856466325,0.28444728551066756,46.68333121653427
gg_aug,gg_aug_abc-fcct,fcct,gvc,closure,0,1.0,1.0,1.0,0.4509232264334306,0.8560885608856088,0.30606860158311344,0.45482544655574164,0.9417104801962846,0.2998146679959535,0.26541284731183856,0.1703716291935552,0.6002730976767748,0.214286496480234,0.3772636990302605,0.14964160632394047,39.03871734336703
gg_aug,gg_aug_abc-fcct,fcct,gvc,closure,1,1.0,1.0,1.0,0.49534450651769085,0.8417721518987342,0.35092348284960423,0.48926486166589545,0.9178400347170064,0.33352778179149634,0.2796543313310188,0.18232581601738862,0.5998802754976258,0.2543953978390953,0.3952772696881066,0.18755013295263523,42.142123317153505
gg_aug,gg_aug_abc-fcct,fcct,gvc,closure,2,1.0,1.0,1.0,0.42714570858283435,0.8770491803278688,0.28232189973614774,0.4436094934234792,0.9558009113214158,0.288831453438499,0.2591881554330067,0.16497124461789678,0.604324714740171,0.20257971477862596,0.3673493231852853,0.13985129394355666,37.66477858131068
gg_aug,gg_aug_abc-fcct,fcct,gvc,predicted,0,1.0,1.0,1.0,0.4421052631578948,0.8048780487804879,0.30474934036939316,0.4514664037525359,0.9076146951541273,0.30046096459111277,0.2589624485142586,0.1671165801029515,0.5749503066754393,0.2074200580495322,0.3472218049505116,0.14787943347934826,38.417803847489644
gg_aug,gg_aug_abc-fcct,fcct,gvc,predicted,1,1.0,1.0,1.0,0.47750229568411384,0.7854984894259819,0.34300791556728233,0.47462074357821143,0.879693054929648,0.3249780721127811,0.27102581157700734,0.17769676194524756,0.5708393388914688,0.23505136538642438,0.3576994976048603,0.17503522467882238,40.77162836131108
gg_aug,gg_aug_abc-fcct,fcct,gvc,predicted,2,1.0,1.0,1.0,0.4058823529411766,0.7900763358778626,0.27308707124010556,0.43511490257360674,0.9151244304241148,0.285409350854849,0.2540664487943399,0.16261727709478072,0.5805352534627145,0.18927495790397436,0.32854806135563236,0.13292669327634193,36.50212347697077
gg_aug,gg_aug_abc-gvc,gvc,gvc,closure,0,1.0,1.0,1.0,0.3695198329853862,0.885,0.23350923482849603,0.4223482507090601,0.9631048353445829,0.2704808016569792,0.24619334445885618,0.15473136961994688,0.6020894227180316,0.17400920097937828,0.3074833508587451,0.121338070239946,34.60204760511008
gg_aug,gg_aug_abc-gvc,gvc,gvc,closure,1,1.0,1.0,1.0,0.36747624076029567,0.9206349206349206,0.22955145118733508,0.42317799917981064,0.9774222622803064,0.2700480753816496,0.2453882350165559,0.15377018664095202,0.607113379380339,0.17545708238457056,0.31405538030143704,0.12173377437638308,34.534749165222074
gg_aug,gg_aug_abc-gvc,gvc,gvc,closure,2,1.0,1.0,1.0,0.3594080338266385,0.9042553191489362,0.22427440633245382,0.41664279937008364,0.9723066628429402,0.26512590581825185,0.24016974547144113,0.15046020751683992,0.5948245509603568,0.1643904133392089,0.30052576235541534,0.11313934995837663,33.874019288938776
gg_aug,gg_aug_abc-gvc,gvc,gvc,predicted,0,1.0,1.0,1.0,0.3559670781893004,0.8084112149532711,0.22823218997361477,0.41619879640968455,0.9349982474588152,0.2676748942696145,0.24669453096151284,0.15564851682103592,0.5943676523165984,0.165844217355331,0.2823494066396275,0.11740122050348029,33.96201351868326
gg_aug,gg_aug_abc-gvc,gvc,gvc,predicted,1,1.0,1.0,1.0,0.34873949579831937,0.8556701030927835,0.21899736147757257,0.4185762266858691,0.956056281608332,0.2679428823168019,0.24308896301116836,0.15253270466354685,0.5982759452347407,0.16751318030160764,0.28512509805885206,0.1185940454538599,33.68015618317856
gg_aug,gg_aug_abc-gvc,gvc,gvc,predicted,2,1.0,1.0,1.0,0.34663865546218486,0.8505154639175257,0.21767810026385223,0.41040843663366605,0.955520504731861,0.2613255793714037,0.24077354523080022,0.15107983353319698,0.5925773781587053,0.15776036653697417,0.285388813779981,0.10901007806784173,33.26068791088837
gg_aug,gg_aug_abc-gvc,gvc,ecbp,closure,0,1.0,1.0,1.0,0.7150671307807062,0.694015444015444,0.7374358974358974,0.7336226715666985,0.7444036077933963,0.7231495503948625,0.6164258680681935,0.6416960145414192,0.5930706022593987,0.540639245790066,0.5795829689290215,0.5065994777798792,68.83718901385328
gg_aug,gg_aug_abc-gvc,gvc,ecbp,closure,1,1.0,1.0,1.0,0.7095553453169349,0.6584723441615452,0.7692307692307693,0.7170489511000182,0.6862067063802026,0.750794142546444,0.5661912976375865,0.6386213856349063,0.5085171530335093,0.5156762635691178,0.5317864966955099,0.5005134338392419,66.42651980181799
gg_aug,gg_aug_abc-gvc,gvc,ecbp,closure,2,1.0,1.0,1.0,0.7097112860892388,0.7268817204301076,0.6933333333333334,0.7435611953081885,0.7935872375260112,0.699468214980381,0.6446719863297189,0.6276071396327558,0.662690768556326,0.5538534972389361,0.6065060915235265,0.5096125214146225,69.93148225757155
gg_aug,gg_aug_abc-gvc,gvc,ecbp,predicted,0,1.0,1.0,1.0,0.7150050352467271,0.7022749752720079,0.7282051282051282,0.7409692397482249,0.7708665018612144,0.7133044619759771,0.6242658812852162,0.6388780865688753,0.6103071410825653,0.5453901871123767,0.6012959538154944,0.49899582201726767,69.34133854267228
gg_aug,gg_aug_abc-gvc,gvc,ecbp,predicted,1,1.0,1.0,1.0,0.7243191591017679,0.6779964221824687,0.7774358974358975,0.7323175644417135,0.7143416844178229,0.7512214976830204,0.5833472157235996,0.6463522397783388,0.5315343884885221,0.5314592550122139,0.5568231437011483,0.508305401290165,67.99946464223603
gg_aug,gg_aug_abc-gvc,gvc,ecbp,predicted,2,1.0,1.0,1.0,0.7062566277836692,0.7310647639956093,0.683076923076923,0.7433526206769175,0.8127253456318229,0.6848915508500364,0.6441640193339129,0.620443364997106,0.6697705393571243,0.5485290474045498,0.6202322178445772,0.4916866421116777,69.79244225981665
gg_aug,gg_aug_abc-gvc,gvc,fcct,predicted,0,1.0,1.0,1.0,0.6627839254513688,0.6773809523809524,0.6488027366020525,0.4882487224039276,0.5083671162545866,0.4696620631548459,0.2393619284146477,0.21754815661331284,0.26603780597893073,0.33942751764685564,0.33984419951599354,0.33901185631101777,46.346485875664804
gg_aug,gg_aug_abc-gvc,gvc,fcct,predicted,1,1.0,1.0,1.0,0.6933778519755148,0.6771739130434783,0.7103762827822121,0.4871921374072721,0.4082340193845989,0.6040174930619506,0.2211606490687236,0.2598188113043135,0.19251634813512386,0.3736955950741273,0.3082267106947054,0.4744768307539716,46.72435461505036
gg_aug,gg_aug_abc-gvc,gvc,fcct,predicted,2,1.0,1.0,1.0,0.6540954625810254,0.676829268292683,0.6328392246294184,0.48983992891629946,0.5484055533667457,0.44257610096830174,0.2390234498270404,0.2084756098267236,0.2800606083816829,0.3355625019085388,0.3645752255201528,0.31082703390508415,46.09862804414551
gg_aug,gg_aug_abc-ecbp,ecbp,gvc,closure,0,1.0,1.0,1.0,0.7520117044623262,0.8440065681444991,0.6781002638522428,0.6252569798788674,0.7503745816048653,0.5359007808466257,0.42114060802722314,0.3294009141733398,0.5837052468771098,0.47239458044391763,0.5234055894648729,0.4304436266100695,59.94697641228056
gg_aug,gg_aug_abc-ecbp,ecbp,gvc,closure,1,1.0,1.0,1.0,0.8101945003353455,0.8240109140518418,0.7968337730870713,0.6393259700118314,0.5868654679564521,0.7020861678092294,0.44092473323128595,0.4156423517386663,0.4694820346063692,0.517473189358905,0.4473885686149519,0.6135943999267373,63.0148401192821
gg_aug,gg_aug_abc-ecbp,ecbp,gvc,closure,2,1.0,1.0,1.0,0.7770515613652869,0.864297253634895,0.7058047493403694,0.6523039553096157,0.7712580434292132,0.5651402114886211,0.45559010842233094,0.36021808271343936,0.6196497588645693,0.5122817511651483,0.5678797017913736,0.46659957571338195,62.83152083657445
gg_aug,gg_aug_abc-ecbp,ecbp,gvc,predicted,0,1.0,1.0,1.0,0.7212643678160919,0.7917981072555205,0.662269129287599,0.5917680187446606,0.6830162630361504,0.5220272619008837,0.40376677217015083,0.3247966148371876,0.5334742326600439,0.4355633488078057,0.4635952283129483,0.41072814522266377,57.226638624363446
gg_aug,gg_aug_abc-ecbp,ecbp,gvc,predicted,1,1.0,1.0,1.0,0.7755644090305446,0.7807486631016043,0.7704485488126649,0.5819306534154536,0.5208463463725511,0.6592463682203016,0.39677261572201017,0.3869998911968375,0.4070516990308705,0.4536736063222676,0.3804416528116609,0.5618192948300509,58.475589272266944
gg_aug,gg_aug_abc-ecbp,ecbp,gvc,predicted,2,1.0,1.0,1.0,0.7397849462365591,0.8100470957613815,0.6807387862796834,0.6107316345578901,0.7073985252755882,0.5373078471379104,0.4218210917631821,0.3405466457387473,0.5540499832226252,0.46147953173282635,0.502839986278472,0.42640605188213615,59.07792241858771
gg_aug,gg_aug_abc-ecbp,ecbp,ecbp,closure,0,1.0,1.0,1.0,0.7019867549668873,0.8498542274052479,0.597948717948718,0.7623410495063068,0.8905889224603701,0.6663800295423754,0.7104593961601972,0.616619009738672,0.8379890641665928,0.6026036540358236,0.6487423837086755,0.5625919649022235,72.49290668777971
gg_aug,gg_aug_abc-ecbp,ecbp,ecbp,closure,1,1.0,1.0,1.0,0.7786930258099944,0.8380614657210402,0.7271794871794872,0.7874788878530616,0.852476122839095,0.7316909460193528,0.752642260837658,0.700666430190946,0.8129471376376939,0.6523046356013583,0.687951289434329,0.6201701087480472,77.29380581669047
gg_aug,gg_aug_abc-ecbp,ecbp,ecbp,closure,2,1.0,1.0,1.0,0.7453488372093023,0.8604026845637583,0.6574358974358975,0.7720153367970494,0.8856997552466533,0.684195140212045,0.7330371866615677,0.651588610365838,0.8377567847560775,0.6293136749761966,0.6864812598477507,0.5809355416939338,75.01337868893066
gg_aug,gg_aug_abc-ecbp,ecbp,ecbp,predicted,0,1.0,1.0,1.0,0.6996978851963745,0.8514705882352941,0.5938461538461538,0.7600981585382905,0.8949276705126794,0.6605759939821464,0.705163617885407,0.6106075873053183,0.8343706161936025,0.5981965085789999,0.6496921592030647,0.5542646004958943,72.1653220540024
gg_aug,gg_aug_abc-ecbp,ecbp,ecbp,predicted,1,1.0,1.0,1.0,0.7841845140032949,0.8439716312056738,0.7323076923076923,0.7976522800148843,0.8653234959484959,0.7397976116085263,0.753841767856306,0.7017831018747945,0.8142427542249169,0.6616768873321864,0.7006321018521227,0.626825336314048,77.85595206248284
gg_aug,gg_aug_abc-ecbp,ecbp,ecbp,predicted,2,1.0,1.0,1.0,0.7499999999999999,0.8657718120805369,0.6615384615384615,0.7818064534056007,0.8976465302341047,0.6924470884209873,0.7339107009189572,0.6523650674835174,0.8387550867645224,0.6379490973241023,0.6973127044921492,0.5879000089316471,75.52390514415194
gg_aug,gg_aug_abc-ecbp,ecbp,fcct,predicted,0,1.0,1.0,1.0,0.6316463805253042,0.7207602339181286,0.5621436716077537,0.5032323011453448,0.6402242522726648,0.4145326902743741,0.24200564778632405,0.17695399037300855,0.3826896538789763,0.31071328467739384,0.3345698489603099,0.2900324665915009,45.896144315232426
gg_aug,gg_aug_abc-ecbp,ecbp,fcct,predicted,1,1.0,1.0,1.0,0.6612529002320185,0.6729634002361276,0.6499429874572406,0.5292605945847058,0.5198392057509515,0.5390297869810116,0.22438452914041995,0.20721224374702046,0.24466023960491573,0.38041561319628225,0.35670213556552993,0.4075065573439532,47.16326746523814
gg_aug,gg_aug_abc-ecbp,ecbp,fcct,predicted,2,1.0,1.0,1.0,0.6263125386040767,0.683288409703504,0.5781071835803877,0.4701001166944799,0.6025870968991726,0.38537104408167316,0.23515815262682022,0.182423350958015,0.3307796905925453,0.29775523939806914,0.35176294371500366,0.25812428776017926,44.38569359751256
gg_aug,gg_aug_bbc-fcct,fcct,ecbp,closure,0,1.0,1.0,1.0,0.43556895252449135,0.8210227272727273,0.2964102564102564,0.6849645257695897,0.9514159558954668,0.5351043853539387,0.6005008414688995,0.4695092363445562,0.8328685583851257,0.46136887847953734,0.5169321829855538,0.4165909194481392,57.36781065876602
gg_aug,gg_aug_bbc-fcct,fcct,ecbp,closure,1,1.0,1.0,1.0,0.6830801466736511,0.6980728051391863,0.6687179487179488,0.7252335503159378,0.7594092303618278,0.6940014169309817,0.6272145416541833,0.6120160805384497,0.643187085882644,0.5278080466752475,0.5612809899142716,0.4981028395254748,67.85094128812574
gg_aug,gg_aug_bbc-fcct,fcct,ecbp,closure,2,1.0,1.0,1.0,0.7285403050108933,0.6333333333333333,0.8574358974358974,0.6633381101170087,0.5501651437013545,0.8351305255437375,0.5085388198897067,0.6992408773483468,0.39956621562762673,0.49584495903454817,0.4415240650700768,0.5654072546263558,63.34724116725362
gg_aug,gg_aug_bbc-fcct,fcct,ecbp,predicted,0,1.0,1.0,1.0,0.43419062027231464,0.8270893371757925,0.29435897435897435,0.6847106428103568,0.9560116818262886,0.5333533679568538,0.5991232425927819,0.4678429228620537,0.8328185198277304,0.46113138268178006,0.5200579632602105,0.41419939482820817,57.26748352251511
gg_aug,gg_aug_bbc-fcct,fcct,ecbp,predicted,1,1.0,1.0,1.0,0.6825649178590354,0.706140350877193,0.6605128205128206,0.7314820768333878,0.783094173189009,0.6862526053301596,0.6283284459832457,0.6055262039919183,0.652915211260851,0.5307587856377131,0.5780558697406164,0.4906161065820335,68.07918135585564
gg_aug,gg_aug_bbc-fcct,fcct,ecbp,predicted,2,1.0,1.0,1.0,0.7263901147396293,0.6374903175832688,0.8441025641025641,0.6811189488060998,0.5809076864560938,0.8231124945190684,0.5238120768476762,0.6930601507575593,0.42100175617446767,0.5036961146798922,0.46285411364235346,0.5524434293277649,64.37737134644685
gg_aug,gg_aug_bbc-fcct,fcct,fcct,predicted,0,1.0,1.0,1.0,0.5401574803149606,0.8727735368956743,0.39110604332953247,0.5480723207499913,0.8910258446462319,0.3957494063294569,0.2651722501596147,0.16644658163865045,0.6517486630429083,0.3202844676773316,0.33803666835318213,0.30430377058840163,45.11340170748555
gg_aug,gg_aug_bbc-fcct,fcct,fcct,predicted,1,1.0,1.0,1.0,0.6041222459132907,0.8018867924528302,0.4846066134549601,0.5431069311405738,0.7600945158377215,0.4224953047931443,0.2698133005389504,0.1785606540603775,0.55181696104201,0.3266090210977355,0.33263230434350544,0.3207999964816077,47.23474925309383
gg_aug,gg_aug_bbc-fcct,fcct,fcct,predicted,2,1.0,1.0,1.0,0.6449136276391555,0.7346938775510204,0.5746864310148233,0.5874203308857545,0.6879196015695603,0.5125422211442532,0.3327289870333663,0.24372165296701756,0.5241483741519595,0.4086562881838894,0.40858583106327706,0.4087267696081443,52.16876485194254
gg_aug,gg_aug_bbc-fcct,fcct,gvc,closure,0,1.0,1.0,1.0,0.2360953461975028,0.8455284552845529,0.13720316622691292,0.38880438608332124,0.9763406940063091,0.24273363165580253,0.21688282392487887,0.13371821450923993,0.5736719254593299,0.12270373019470167,0.2127584998247459,0.08621240940375222,28.0594185401901
gg_aug,gg_aug_bbc-fcct,fcct,gvc,closure,1,1.0,1.0,1.0,0.6456953642384107,0.8666666666666667,0.5145118733509235,0.5668777511620207,0.8810959224208437,0.41785977234014654,0.3745490379784552,0.25941819596511767,0.6734120009249945,0.37775610506432866,0.5247453326039334,0.2950953617047634,52.90407177929622
gg_aug,gg_aug_bbc-fcct,fcct,gvc,closure,2,1.0,1.0,1.0,0.8062542488103331,0.8316970546984572,0.7823218997361477,0.6678940562594714,0.6793497499155254,0.6568183043608617,0.4959159859094871,0.44903317211552296,0.5537300257175879,0.5490236446440748,0.5368011900083404,0.5618156549527683,65.66880969930972
gg_aug,gg_aug_bbc-fcct,fcct,gvc,predicted,0,1.0,1.0,1.0,0.23224351747463362,0.7984496124031008,0.1358839050131926,0.3882159010301594,0.9668419207851382,0.24286715860320965,0.21704901615240343,0.1340053232327795,0.5707376979137033,0.12167987424649625,0.20539782684893096,0.08644558172822164,27.91694782190655
gg_aug,gg_aug_bbc-fcct,fcct,gvc,predicted,1,1.0,1.0,1.0,0.6166394779771615,0.8076923076923077,0.49868073878627966,0.5409771385651201,0.8194098108924608,0.4037755703429443,0.3435454455636917,0.24041068447314243,0.6016495367902994,0.3392645184619327,0.4549454467598707,0.27048670490528914,50.03873540353244
gg_aug,gg_aug_bbc-fcct,fcct,gvc,predicted,2,1.0,1.0,1.0,0.7700606877950101,0.7875862068965517,0.7532981530343008,0.6057662397552619,0.6091736504150679,0.6023967357437097,0.46968748874407823,0.43539614553931144,0.5098421186108,0.48639569841316876,0.473234431962087,0.5003099708971236,61.51714720981168
gg_aug,gg_aug_bbc-gvc,gvc,gvc,closure,0,1.0,1.0,1.0,0.38722966014418125,0.8826291079812206,0.24802110817941952,0.4274590477537217,0.9657202944269188,0.27447536167911984,0.25344602425323914,0.15986331204591167,0.6112907994294445,0.18121709010107714,0.331931300385559,0.12462899382578124,35.604491071704736
gg_aug,gg_aug_bbc-gvc,gvc,gvc,closure,1,1.0,1.0,1.0,0.3479188900747065,0.9106145251396648,0.21503957783641162,0.41026393836231134,0.9785313704872063,0.25953998231005,0.24071512486116503,0.15044695303822817,0.6017878121529127,0.16203490135001986,0.3049421661409043,0.11033010292164142,33.29659844327276
gg_aug,gg_aug_bbc-gvc,gvc,gvc,closure,2,1.0,1.0,1.0,0.5369003690036901,0.8926380368098159,0.3839050131926121,0.4991354257256252,0.9412898703119522,0.33960970824034953,0.3067708804594057,0.2007508641726351,0.65009994874558,0.27502901367707605,0.44419459498323854,0.1991756329502663,44.760222506290695
gg_aug,gg_aug_bbc-gvc,gvc,gvc,predicted,0,1.0,1.0,1.0,0.3770491803278688,0.8440366972477065,0.24274406332453827,0.42284968960108216,0.9496219518301535,0.27197840776260745,0.2510752877169861,0.1585918938785328,0.6023205088754641,0.17629368047053595,0.31312069166958756,0.12268358925709927,35.03247192153123
gg_aug,gg_aug_bbc-gvc,gvc,gvc,predicted,1,1.0,1.0,1.0,0.3390191897654584,0.8833333333333333,0.20976253298153033,0.40544263893706345,0.9678859346051771,0.25642993661325353,0.23881459242477157,0.14929783858461726,0.5964177904079788,0.15497872627322173,0.2891692954784437,0.10585578093015482,32.775880704243114
gg_aug,gg_aug_bbc-gvc,gvc,gvc,predicted,2,1.0,1.0,1.0,0.5201465201465202,0.8502994011976048,0.37467018469656993,0.48792784028653635,0.9086692049625803,0.33350494786031104,0.304451383572346,0.19984248030275548,0.6388746650093271,0.2605128431393437,0.4077706613984216,0.19139467296392826,43.75085813351342
gg_aug,gg_aug_bbc-gvc,gvc,ecbp,closure,0,1.0,1.0,1.0,0.7392380009896092,0.7141491395793499,0.7661538461538462,0.7448794286389807,0.7409148348327655,0.7488866793389,0.646941033973289,0.6782304164066021,0.6184113362017961,0.5699570606122734,0.5932466243611825,0.5484270165479335,71.03528212006263
gg_aug,gg_aug_bbc-gvc,gvc,ecbp,closure,1,1.0,1.0,1.0,0.7325400931195034,0.7390396659707724,0.7261538461538461,0.749228530542885,0.7877476175473093,0.7143008264550925,0.6718408948123333,0.6648936349511353,0.6789348669935816,0.572842558384985,0.6199157942556817,0.5324137782257063,71.78698394915739
gg_aug,gg_aug_bbc-gvc,gvc,ecbp,closure,2,1.0,1.0,1.0,0.7505849321478709,0.6901893287435457,0.8225641025641026,0.7371223546206525,0.6741861376348534,0.8130187938483705,0.6235991928265158,0.7179463198965469,0.5511687275727528,0.5626570964666117,0.5396949048974443,0.5876600422905776,70.37688265316797
gg_aug,gg_aug_bbc-gvc,gvc,ecbp,predicted,0,1.0,1.0,1.0,0.736318407960199,0.714975845410628,0.7589743589743589,0.7467158793760655,0.7548522582005006,0.7387530304239306,0.6429910295161793,0.6688832857383072,0.6190286309006694,0.5637299165631602,0.5972390094058875,0.5337812285766331,70.86751056174812
gg_aug,gg_aug_bbc-gvc,gvc,ecbp,predicted,1,1.0,1.0,1.0,0.7268929503916449,0.7404255319148936,0.7138461538461538,0.7452778145428401,0.7994780646943569,0.6979599393220192,0.6645883578565343,0.6507427670678564,0.6790359308534154,0.5630918688767073,0.6237638453930587,0.5131764559900366,71.22530409303397
gg_aug,gg_aug_bbc-gvc,gvc,ecbp,predicted,2,1.0,1.0,1.0,0.7474178403755869,0.6891774891774892,0.8164102564102564,0.7429132335365332,0.6899895152666257,0.804630140732033,0.6188337207060095,0.7079457764876749,0.5496473419935364,0.5636957108543748,0.5530893887567677,0.5747167705736773,70.30549315393765
gg_aug,gg_aug_bbc-gvc,gvc,fcct,predicted,0,1.0,1.0,1.0,0.6302881667688536,0.6816976127320955,0.5860889395667047,0.4699493524514399,0.556608434648359,0.40663917667542027,0.2355985977662689,0.1854625639855577,0.32288362043268776,0.2972339887529604,0.31478418833032584,0.2815374011785209,44.52787056621874
gg_aug,gg_aug_bbc-gvc,gvc,fcct,predicted,1,1.0,1.0,1.0,0.5895953757225434,0.675,0.5233751425313569,0.4492835912875593,0.6027135562536836,0.35811893307571435,0.22270616425115478,0.16227487725738415,0.35485409906283405,0.2611754739243013,0.29675323213741,0.2332152832340732,42.05283770870858
gg_aug,gg_aug_bbc-gvc,gvc,fcct,predicted,2,1.0,1.0,1.0,0.6766398158803223,0.6829268292682927,0.6704675028506272,0.49165023516798373,0.47796233089934487,0.5061452427898144,0.23468440809239588,0.22436860993448837,0.24599450004865592,0.3533353460748451,0.3301919768454534,0.37996751496658676,46.765815304690065
sg,sg_bbc_25k,ecbp,gvc,closure,0,1.0,1.0,1.0,0.7664497469269703,0.848,0.6992084432717678,0.6394367296663427,0.7519915199883654,0.5561888270687871,0.4408339127858478,0.3509092035825997,0.5927274630462565,0.5035436397077802,0.5672667539649663,0.45269120846829575,61.55734631263869
sg,sg_bbc_25k,ecbp,gvc,closure,1,1.0,1.0,1.0,0.7834618079887876,0.8355754857997011,0.737467018469657,0.6438435280857348,0.7071329005594292,0.590952465236045,0.4601296734032599,0.38752055827402204,0.5662217483589338,0.5182634011794232,0.5526843031574893,0.48787856797615226,62.914500315926084
sg,sg_bbc_25k,ecbp,gvc,closure,2,1.0,1.0,1.0,0.763819095477387,0.8377952755905512,0.7018469656992085,0.6326238005806398,0.7379386187374684,0.5536147416134916,0.44814048066159673,0.3609232668619506,0.5909417219086859,0.504015130756091,0.5691271819059266,0.4522721018425888,61.48611255732078
sg,sg_bbc_25k,ecbp,gvc,predicted,0,1.0,1.0,1.0,0.7139784946236559,0.7817896389324961,0.6569920844327177,0.589314315573512,0.6801485627009843,0.5198835559065461,0.4073957103995447,0.32890067702638404,0.5351026558874848,0.4382373203624816,0.4787339369358296,0.4040576508285754,57.02295068655708
sg,sg_bbc_25k,ecbp,gvc,predicted,1,1.0,1.0,1.0,0.756046993780235,0.7939042089985486,0.7216358839050132,0.6073853761915804,0.6482259889891102,0.57138596640506,0.42815843154652383,0.37177879075127546,0.5046945242323014,0.4796502181966389,0.49704319952046794,0.4634333431055969,59.71969338394464
sg,sg_bbc_25k,ecbp,gvc,predicted,2,1.0,1.0,1.0,0.7378777231201687,0.7894736842105263,0.6926121372031663,0.5945418140098653,0.6601176329297136,0.5408172472021834,0.41561644709163986,0.3480424443302369,0.5157520159505065,0.4583906119050838,0.49066907934508597,0.4300968632640531,58.26786614072247
sg,sg_bbc_25k,gvc,gvc,closure,0,1.0,1.0,1.0,0.7664497469269703,0.848,0.6992084432717678,0.6394367296663427,0.7519915199883654,0.5561888270687871,0.4408339127858478,0.3509092035825997,0.5927274630462565,0.5035436397077802,0.5672667539649663,0.45269120846829575,61.55734631263869
sg,sg_bbc_25k,gvc,gvc,closure,1,1.0,1.0,1.0,0.7706552706552706,0.8374613003095975,0.7137203166226913,0.63804089986733,0.7274450376113827,0.5682073268907072,0.4534938956167158,0.37022944265102375,0.5850776166246748,0.5072695699447483,0.5599931469016642,0.4636196006074389,62.07300220464388
sg,sg_bbc_25k,gvc,gvc,closure,2,1.0,1.0,1.0,0.763819095477387,0.8377952755905512,0.7018469656992085,0.6326238005806398,0.7379386187374684,0.5536147416134916,0.44814048066159673,0.3609232668619506,0.5909417219086859,0.504015130756091,0.5691271819059266,0.4522721018425888,61.48611255732078
sg,sg_bbc_25k,gvc,gvc,predicted,0,1.0,1.0,1.0,0.7234957020057308,0.7915360501567398,0.6662269129287599,0.5918995650049335,0.6805889606362794,0.5236600074156108,0.4063812204194408,0.3284806669844042,0.532717351119785,0.443550542191176,0.4816140630020756,0.411062907897803,57.39254958100351
sg,sg_bbc_25k,gvc,gvc,predicted,1,1.0,1.0,1.0,0.7455954897815363,0.800302571860817,0.6978891820580475,0.6064526719154967,0.6718808647897504,0.5526365659355865,0.41889656012290505,0.3488397216195916,0.5241633122781428,0.47174677839137175,0.5009448417501859,0.4457649304932928,59.031490727331274
sg,sg_bbc_25k,gvc,gvc,predicted,2,1.0,1.0,1.0,0.7324343506032648,0.7926267281105991,0.6807387862796834,0.5958584316717348,0.6722031128600067,0.5350865980479913,0.4088652371722654,0.3359509365432114,0.5222035283055099,0.45673371762761494,0.49222012421887695,0.4260199828879864,57.90526731490884
sg,sg_bbc_25k,fcct,ecbp,closure,0,1.0,1.0,1.0,0.7794316644113666,0.6956521739130435,0.8861538461538462,0.727288120310473,0.6299251759935247,0.8602508212839245,0.6161551292647535,0.769048641823944,0.5139728811196048,0.5673441605426216,0.5194413883329873,0.6249796481944535,70.76249713288644
sg,sg_bbc_25k,fcct,ecbp,closure,1,1.0,1.0,1.0,0.772013326987149,0.7202486678507993,0.8317948717948718,0.7538999306328656,0.709627388997434,0.8040642394978655,0.6672574407537174,0.7442879251220746,0.6046761528320954,0.587154780936953,0.5804792040335284,0.5939856838957962,73.10568994579107
sg,sg_bbc_25k,fcct,ecbp,closure,2,1.0,1.0,1.0,0.764489420423183,0.6930775646371977,0.8523076923076923,0.7287148222345418,0.6620807564695752,0.8102623934053937,0.6176100620908223,0.7366674234577278,0.5316817056260122,0.5496017036087395,0.5338584601725773,0.5663016829441152,70.36047682495156
sg,sg_bbc_25k,fcct,ecbp,predicted,0,1.0,1.0,1.0,0.7757136384231988,0.6948051948051948,0.877948717948718,0.7367977676241254,0.6502776419713753,0.8498744603337548,0.620084848893741,0.7654879567091529,0.5211023605920693,0.5684078746903278,0.5317109343763127,0.6105457336230635,71.08654183136883
sg,sg_bbc_25k,fcct,ecbp,predicted,1,1.0,1.0,1.0,0.7737017627441639,0.7224199288256228,0.8328205128205128,0.7593748857384489,0.7165619694990958,0.8076288361077936,0.6717326890606635,0.7480194045103882,0.6095661234270989,0.595097684687711,0.5898873263537453,0.6004009074081778,73.49364458477588
sg,sg_bbc_25k,fcct,ecbp,predicted,2,1.0,1.0,1.0,0.764814814814815,0.6970464135021097,0.8471794871794872,0.7364643236657289,0.6776013698296742,0.8065269937138162,0.6174398462984121,0.7263998191746026,0.5369042141725323,0.5549978766728154,0.5462404834790214,0.5640406441860506,70.62396615929852
sg,sg_bbc_25k,ecbp,ecbp,closure,0,1.0,1.0,1.0,0.7832923832923833,0.7518867924528302,0.8174358974358974,0.7665565991938139,0.757231673206723,0.7761140521503112,0.7011263412937724,0.7425122711618076,0.6641103543310577,0.6087904325712195,0.6290606134366714,0.5897858015177387,75.03251079266565
sg,sg_bbc_25k,ecbp,ecbp,closure,1,1.0,1.0,1.0,0.772013326987149,0.7202486678507993,0.8317948717948718,0.7538999306328656,0.709627388997434,0.8040642394978655,0.6672574407537174,0.7442879251220746,0.6046761528320954,0.587154780936953,0.5804792040335284,0.5939856838957962,73.10568994579107
sg,sg_bbc_25k,ecbp,ecbp,closure,2,1.0,1.0,1.0,0.7606837606837608,0.7082228116710876,0.8215384615384616,0.7441553437671558,0.7040210072331078,0.7891422102287352,0.6516909084178717,0.7300143149765682,0.5885457023848357,0.5667989913125341,0.568314421277713,0.5652916217463474,71.88433376229293
sg,sg_bbc_25k,ecbp,ecbp,predicted,0,1.0,1.0,1.0,0.7822222222222223,0.7542857142857143,0.8123076923076923,0.7667582635510426,0.7701938389746531,0.763353201906437,0.7049325912162269,0.741144881860896,0.6720941164701293,0.6084904045615115,0.6429117387012139,0.5775675803616457,75.13043589964973
sg,sg_bbc_25k,ecbp,ecbp,predicted,1,1.0,1.0,1.0,0.7737017627441639,0.7224199288256228,0.8328205128205128,0.7593748857384489,0.7165619694990958,0.8076288361077936,0.6717326890606635,0.7480194045103882,0.6095661234270989,0.595097684687711,0.5898873263537453,0.6004009074081778,73.49364458477588
sg,sg_bbc_25k,ecbp,ecbp,predicted,2,1.0,1.0,1.0,0.7668886774500475,0.7151730257320319,0.8266666666666667,0.7487271190128327,0.710406630395588,0.7914174636844776,0.6498296067706216,0.7254606176658241,0.5884792339574946,0.5721770282625045,0.5758576779904658,0.5685431301703607,72.18151344111673
sg,sg_bbc_25k,gvc,ecbp,closure,0,1.0,1.0,1.0,0.7832923832923833,0.7518867924528302,0.8174358974358974,0.7665565991938139,0.757231673206723,0.7761140521503112,0.7011263412937724,0.7425122711618076,0.6641103543310577,0.6087904325712195,0.6290606134366714,0.5897858015177387,75.03251079266565
sg,sg_bbc_25k,gvc,ecbp,closure,1,1.0,1.0,1.0,0.7691556857003415,0.7337057728119181,0.8082051282051282,0.7587726122155019,0.739372575436243,0.7792181372789073,0.690247156060544,0.7386426719599731,0.6478033868369454,0.59587975390324,0.6058137844690096,0.5862662602874101,73.9391817992129
sg,sg_bbc_25k,gvc,ecbp,closure,2,1.0,1.0,1.0,0.7606837606837608,0.7082228116710876,0.8215384615384616,0.7441553437671558,0.7040210072331078,0.7891422102287352,0.6516909084178717,0.7300143149765682,0.5885457023848357,0.5667989913125341,0.568314421277713,0.5652916217463474,71.88433376229293
sg,sg_bbc_25k,gvc,ecbp,predicted,0,1.0,1.0,1.0,0.7822222222222223,0.7542857142857143,0.8123076923076923,0.7667582635510426,0.7701938389746531,0.763353201906437,0.7049325912162269,0.741144881860896,0.6720941164701293,0.6084904045615115,0.6429117387012139,0.5775675803616457,75.13043589964973
sg,sg_bbc_25k,gvc,ecbp,predicted,1,1.0,1.0,1.0,0.7699071812408402,0.7350746268656716,0.8082051282051282,0.760926147950232,0.7466436534164843,0.7757657164020386,0.6895720759299114,0.7368097110748276,0.6480264291192274,0.5981756948064173,0.614580101149004,0.5826242556738259,74.01351350403277
sg,sg_bbc_25k,gvc,ecbp,predicted,2,1.0,1.0,1.0,0.7668886774500475,0.7151730257320319,0.8266666666666667,0.7487271190128327,0.710406630395588,0.7914174636844776,0.6498296067706216,0.7254606176658241,0.5884792339574946,0.5721770282625045,0.5758576779904658,0.5685431301703607,72.18151344111673
sg,sg_bbc_25k,fcct,fcct,predicted,0,1.0,1.0,1.0,0.7174677608440797,0.738238841978287,0.6978335233751425,0.5723192718022629,0.5238963428610925,0.6306051288424439,0.31619160212233866,0.28073086169740347,0.3619060506219539,0.4168590938763919,0.3499866827910466,0.5153224193824414,53.53262115895604
sg,sg_bbc_25k,fcct,fcct,predicted,1,1.0,1.0,1.0,0.7134146341463414,0.7667103538663171,0.6670467502850627,0.5986168036991583,0.605887905977995,0.5915181491137823,0.31013788296782996,0.24700267107795026,0.41663101145678355,0.421311692550802,0.3768248360967328,0.47770859551410794,54.07231069377766
sg,sg_bbc_25k,fcct,fcct,predicted,2,1.0,1.0,1.0,0.6997549019607844,0.7562913907284768,0.6510832383124288,0.5399624000305416,0.6151346181325295,0.48116221267707454,0.3189652355302658,0.2514066266158692,0.4361753522010261,0.3767455418238737,0.38547474195550746,0.3684029382063929,51.956084584053066
sg,sg_bbc_25k,ecbp,fcct,predicted,0,1.0,1.0,1.0,0.697616060225847,0.7754532775453278,0.6339794754846066,0.5434557828232883,0.6601106973894123,0.4618394149769918,0.3163579790875683,0.23872411918877856,0.468819655756276,0.3748625683278847,0.40101031282429817,0.35191600208636914,51.91432740455678
sg,sg_bbc_25k,ecbp,fcct,predicted,1,1.0,1.0,1.0,0.7134146341463414,0.7667103538663171,0.6670467502850627,0.5986168036991583,0.605887905977995,0.5915181491137823,0.31013788296782996,0.24700267107795026,0.41663101145678355,0.421311692550802,0.3768248360967328,0.47770859551410794,54.07231069377766
sg,sg_bbc_25k,ecbp,fcct,predicted,2,1.0,1.0,1.0,0.6888331242158093,0.7656903765690377,0.6259977194982896,0.5408423845783871,0.6626237145882791,0.45687491729441776,0.31546108840170284,0.2380473243767451,0.4674905285952946,0.3693087376591637,0.40074322878769375,0.34244702845331676,51.504553239863306
sg,sg_bbc_25k,gvc,fcct,predicted,0,1.0,1.0,1.0,0.697616060225847,0.7754532775453278,0.6339794754846066,0.5434557828232883,0.6601106973894123,0.4618394149769918,0.3163579790875683,0.23872411918877856,0.468819655756276,0.3748625683278847,0.40101031282429817,0.35191600208636914,51.91432740455678
sg,sg_bbc_25k,gvc,fcct,predicted,1,1.0,1.0,1.0,0.7104773713577186,0.7785326086956522,0.6533637400228051,0.6012292162890641,0.626328196261094,0.578064324481053,0.30772171387831804,0.23705597828085412,0.43841075501338683,0.4147126593290299,0.37402554166342045,0.4653322745692125,53.98094338417003
sg,sg_bbc_25k,gvc,fcct,predicted,2,1.0,1.0,1.0,0.6888331242158093,0.7656903765690377,0.6259977194982896,0.5408423845783871,0.6626237145882791,0.45687491729441776,0.31546108840170284,0.2380473243767451,0.4674905285952946,0.3693087376591637,0.40074322878769375,0.34244702845331676,51.504553239863306
sg,sg_bbc_25k,fcct,gvc,closure,0,1.0,1.0,1.0,0.81203007518797,0.8425531914893617,0.783641160949868,0.6694314593194856,0.6815203654376041,0.6577639479465811,0.4836625424593695,0.43156068321069757,0.5500721661649306,0.5589418710823668,0.5491423899093417,0.5690974516114974,65.50413589889416
sg,sg_bbc_25k,fcct,gvc,closure,1,1.0,1.0,1.0,0.7834618079887876,0.8355754857997011,0.737467018469657,0.6438435280857348,0.7071329005594292,0.590952465236045,0.4601296734032599,0.38752055827402204,0.5662217483589338,0.5182634011794232,0.5526843031574893,0.48787856797615226,62.914500315926084
sg,sg_bbc_25k,fcct,gvc,closure,2,1.0,1.0,1.0,0.7845614035087719,0.8380809595202399,0.737467018469657,0.6433513089348375,0.7098902748420284,0.5882169469545313,0.46052428385260274,0.38674310457340055,0.5690934803049003,0.5231028319749204,0.5589697850344536,0.49156122817305686,62.947899876540404
sg,sg_bbc_25k,fcct,gvc,predicted,0,1.0,1.0,1.0,0.7766463000678886,0.8,0.7546174142480211,0.6175397522197413,0.6157402019659679,0.6193498519659023,0.45061117096351755,0.4095597295409937,0.500808788454272,0.5000592543343907,0.4786435496353848,0.5234811028535257,61.49324077503825
sg,sg_bbc_25k,fcct,gvc,predicted,1,1.0,1.0,1.0,0.7577639751552795,0.7945007235890015,0.7242744063324539,0.6014671382372041,0.6319396038929493,0.5737982783906743,0.4282251251327553,0.3730499647791118,0.5025543566972491,0.47400710582836414,0.4798118548907192,0.4683411292519686,59.58187461750797
sg,sg_bbc_25k,fcct,gvc,predicted,2,1.0,1.0,1.0,0.7506963788300836,0.7949852507374632,0.7110817941952506,0.5980243712044944,0.6442548561587346,0.55798448179761,0.4170524712786959,0.3559458820803521,0.5034882166214307,0.467645989258646,0.48330133962278676,0.4529730487907646,58.85910737710912
sg,sg_abc_25k,ecbp,gvc,closure,0,1.0,1.0,1.0,0.7299158377964805,0.8688524590163934,0.6292875989445911,0.6132929469434512,0.869430067537323,0.4737303413815022,0.4269037850978169,0.31593003996666796,0.6580511713295364,0.4612810150909481,0.6412410874555985,0.36019474181488886,59.00375232792495
sg,sg_abc_25k,ecbp,gvc,closure,1,1.0,1.0,1.0,0.7607900512070226,0.8538587848932676,0.6860158311345647,0.6378690476594019,0.8314124244723615,0.5174196299443636,0.46704409995375223,0.36530496122113665,0.6473279623711333,0.504433919812663,0.6527803952094172,0.41102674946253254,62.190106627339226
sg,sg_abc_25k,ecbp,gvc,closure,2,1.0,1.0,1.0,0.8057851239669421,0.8429394812680115,0.7717678100263852,0.6565359477169354,0.7118420412534859,0.6092042305584512,0.4989568043250113,0.436829887054971,0.5816853936431479,0.5470202159274711,0.5838144622056293,0.5145888364304937,65.3759292002963
sg,sg_abc_25k,ecbp,gvc,predicted,0,1.0,1.0,1.0,0.6888217522658611,0.8056537102473498,0.6015831134564644,0.5749140711115688,0.8009069006703077,0.4483910486012233,0.4052875372640801,0.3042288266735563,0.6068813381830008,0.4141544113127297,0.5694571931164991,0.3254087101166264,55.634112021383665
sg,sg_abc_25k,ecbp,gvc,predicted,1,1.0,1.0,1.0,0.7155297532656023,0.7951612903225806,0.6503957783641161,0.5944286058914848,0.7608162422250087,0.4877578153668827,0.43474547791014045,0.3441187770769088,0.5901726176811234,0.45208013357650356,0.5735104362864614,0.3730860202818506,58.156794568907586
sg,sg_abc_25k,ecbp,gvc,predicted,2,1.0,1.0,1.0,0.7674576271186441,0.7894002789400278,0.7467018469656992,0.5999675479861358,0.622911211078698,0.5786540086168962,0.45038641047227185,0.41092948134970103,0.4982253815327981,0.4832608122542647,0.49030693419702215,0.4764143385646721,60.59371951923506
sg,sg_abc_25k,gvc,gvc,closure,0,1.0,1.0,1.0,0.5508550855085508,0.8668555240793201,0.40369393139841686,0.4964996848231685,0.9311738384293587,0.33849119374312014,0.3121811596816755,0.2064676398898038,0.6397287495031226,0.28668507088291156,0.4971959341044514,0.20140918831075247,45.31786433377982
sg,sg_abc_25k,gvc,gvc,closure,1,1.0,1.0,1.0,0.5398550724637681,0.861271676300578,0.39313984168865435,0.4913330192665884,0.9319338040158229,0.3336089694436621,0.3091534751853893,0.2038879943784634,0.6391307595801573,0.2803597852962642,0.4931650893796004,0.19584908921727545,44.678052230524855
sg,sg_abc_25k,gvc,gvc,closure,2,1.0,1.0,1.0,0.5605658709106985,0.8498659517426274,0.4182058047493404,0.5062338340788223,0.9137557792131923,0.35009603431495984,0.3186212870256586,0.21250606600067715,0.636417130302546,0.3013626815495255,0.48717390215812933,0.21815643254005285,46.18069973383931
sg,sg_abc_25k,gvc,gvc,predicted,0,1.0,1.0,1.0,0.5247349823321554,0.7941176470588235,0.391820580474934,0.485402596664761,0.8827586363863964,0.33473042870890335,0.29871690933414285,0.1993171752056239,0.595886062661373,0.2699742312950418,0.4530285580758766,0.19228003084658932,43.62848294436865
sg,sg_abc_25k,gvc,gvc,predicted,1,1.0,1.0,1.0,0.5159574468085106,0.7864864864864864,0.3839050131926121,0.4820427282084895,0.885341244804967,0.33118046006678803,0.30146280480422666,0.20080224691778953,0.6044875930530348,0.26624487435814503,0.45101063208318726,0.18887028678336976,43.31543266070756
sg,sg_abc_25k,gvc,gvc,predicted,2,1.0,1.0,1.0,0.532399299474606,0.7916666666666666,0.40105540897097625,0.4895432333544325,0.8682986834406393,0.3408590963142633,0.3019044763737833,0.20233456970377012,0.594423321357708,0.2761036135165545,0.43514461937174864,0.2022011248840586,44.12823364009405
sg,sg_abc_25k,fcct,ecbp,closure,0,1.0,1.0,1.0,0.7651515151515151,0.8098510882016037,0.7251282051282051,0.7668646121365753,0.8479509784846866,0.6999326796099019,0.735519041743663,0.6941613006974372,0.7821171425249386,0.6251843080643877,0.6943147231386863,0.5685734940698242,75.58450563439179
sg,sg_abc_25k,fcct,ecbp,closure,1,1.0,1.0,1.0,0.7482993197278911,0.8365019011406845,0.676923076923077,0.7629451284506282,0.8819767498419188,0.6722220153559955,0.7365146956574347,0.667396767608856,0.8216027288203432,0.6223352952457539,0.7058919240412963,0.5564662287127241,74.9253047945318
sg,sg_abc_25k,fcct,ecbp,closure,2,1.0,1.0,1.0,0.6899509803921569,0.8569254185692542,0.5774358974358974,0.7513699327985436,0.9188150769330548,0.6355475504119897,0.6998804695247836,0.6007878652020404,0.8381177299650825,0.590260380538178,0.6771816499575918,0.5231147378985763,71.37337942384946
sg,sg_abc_25k,fcct,ecbp,predicted,0,1.0,1.0,1.0,0.7719107240065324,0.8225058004640371,0.7271794871794872,0.7750726225188938,0.862917596809525,0.7034603854913467,0.7372203540449533,0.6918467701631018,0.7889631490804068,0.6329296380259724,0.7066544364792878,0.5731348511969447,76.14012335234598
sg,sg_abc_25k,fcct,ecbp,predicted,1,1.0,1.0,1.0,0.7514318442153494,0.8508430609597925,0.6728205128205128,0.7668128870109235,0.8964568639849543,0.6699289665434927,0.7335340055839737,0.6593809148311836,0.8264786870368499,0.6248293999811425,0.7158984024714364,0.5543152877220606,75.05929122700823
sg,sg_abc_25k,fcct,ecbp,predicted,2,1.0,1.0,1.0,0.6851851851851851,0.8604651162790697,0.5692307692307692,0.751582842854459,0.9236991504126337,0.6335340757967932,0.7022371206432096,0.6001497859241528,0.8461739217688365,0.5910378826768121,0.6787921368489775,0.5233758478811007,71.30017162276178
sg,sg_abc_25k,ecbp,ecbp,closure,0,1.0,1.0,1.0,0.7710594315245478,0.7770833333333333,0.7651282051282051,0.7680805534855256,0.8141782593187089,0.7269231193073978,0.7164432662380747,0.7098904314858973,0.7231182035011624,0.6142830497058716,0.672588938051813,0.5652796669818795,75.18610837493827
sg,sg_abc_25k,ecbp,ecbp,closure,1,1.0,1.0,1.0,0.780801583374567,0.754302103250478,0.8092307692307692,0.7688217005204588,0.7719783948083857,0.7656907171543251,0.7013702437138091,0.7352921015501037,0.6704402515997219,0.609858862746328,0.6423449637867715,0.5805004978633186,75.03311758696115
sg,sg_abc_25k,ecbp,ecbp,closure,2,1.0,1.0,1.0,0.7890961262553802,0.739247311827957,0.8461538461538461,0.7715903079130398,0.7288643908081912,0.8196373199933602,0.6813477397432255,0.7536896307852397,0.6216769128464585,0.6121768516573066,0.6064436968401837,0.6180194404259176,74.73447246372152
sg,sg_abc_25k,ecbp,ecbp,predicted,0,1.0,1.0,1.0,0.7740932642487047,0.7821989528795812,0.7661538461538462,0.7731581263862823,0.8250709521932175,0.7273912329235159,0.7164655263117384,0.707781095689778,0.7253657191851762,0.6166900692828384,0.6812258601932307,0.5633237138140955,75.45723056489085
sg,sg_abc_25k,ecbp,ecbp,predicted,1,1.0,1.0,1.0,0.7873078829945463,0.761996161228407,0.8143589743589743,0.7796660311024589,0.787169159084325,0.7723045890216328,0.7026438152253317,0.7345388935587308,0.673403358318439,0.6189959014404388,0.6557144317612715,0.5861716122743534,75.65392431074457
sg,sg_abc_25k,ecbp,ecbp,predicted,2,1.0,1.0,1.0,0.7882579403272377,0.742520398912058,0.84,0.7776363780573373,0.7435100247170513,0.8150461675388746,0.688404346439764,0.753482453045591,0.6336740629961057,0.6169702329328535,0.6175839588861404,0.6163577255527024,75.14328882747797
sg,sg_abc_25k,gvc,ecbp,closure,0,1.0,1.0,1.0,0.7169811320754716,0.8432732316227461,0.6235897435897436,0.7511432350781116,0.8962089595797462,0.6464973243814183,0.7192234769614633,0.6329709920000792,0.8326910317119055,0.6046793500279853,0.6932727735288873,0.5361630054887438,72.91159480383489
sg,sg_abc_25k,gvc,ecbp,closure,1,1.0,1.0,1.0,0.7482993197278911,0.8365019011406845,0.676923076923077,0.7629451284506282,0.8819767498419188,0.6722220153559955,0.7365146956574347,0.667396767608856,0.8216027288203432,0.6223352952457539,0.7058919240412963,0.5564662287127241,74.9253047945318
sg,sg_abc_25k,gvc,ecbp,closure,2,1.0,1.0,1.0,0.7507002801120449,0.8271604938271605,0.6871794871794872,0.7635790235335417,0.8700454383319555,0.6803280923847967,0.7372907026511503,0.6745829882504082,0.8128515510594981,0.6210348747584777,0.6964851249116911,0.5603338910129706,75.05233354322456
sg,sg_abc_25k,gvc,ecbp,predicted,0,1.0,1.0,1.0,0.7231772377000593,0.8567415730337079,0.6256410256410256,0.7575000113110533,0.9094531997340988,0.6490547039966168,0.7215799378996709,0.632733718954159,0.8394529339665114,0.6114019240760563,0.7043080078473337,0.5401500997878012,73.40857289702612
sg,sg_abc_25k,gvc,ecbp,predicted,1,1.0,1.0,1.0,0.7514318442153494,0.8508430609597925,0.6728205128205128,0.7668128870109235,0.8964568639849543,0.6699289665434927,0.7335340055839737,0.6593809148311836,0.8264786870368499,0.6248293999811425,0.7158984024714364,0.5543152877220606,75.05929122700823
sg,sg_abc_25k,gvc,ecbp,predicted,2,1.0,1.0,1.0,0.7552054023635341,0.8366583541147132,0.6882051282051282,0.7683028071344569,0.8810217404318531,0.6811550480067204,0.7323772606183382,0.6676015622098654,0.811073699181675,0.6236374441144992,0.705422819551633,0.5588459152302162,75.19618233721097
sg,sg_abc_25k,fcct,fcct,predicted,0,1.0,1.0,1.0,0.67621776504298,0.6797235023041475,0.6727480045610034,0.5412674576305185,0.5232502145420143,0.5605697358091769,0.2505022272892358,0.2440607414446555,0.2572929503181609,0.40434662664060145,0.3813734255414913,0.4302649596494994,48.93291499875782
sg,sg_abc_25k,fcct,fcct,predicted,1,1.0,1.0,1.0,0.6600583090379009,0.6754176610978521,0.645381984036488,0.5308070985058181,0.5370938680879398,0.5246658014305862,0.2687456817126171,0.243182068086295,0.3003152045644004,0.38539415247387104,0.37325892158986085,0.398344969997021,48.653702975211196
sg,sg_abc_25k,fcct,fcct,predicted,2,1.0,1.0,1.0,0.6686046511627907,0.6820877817319099,0.6556442417331813,0.5103431888962068,0.5469921000476746,0.47829691074281633,0.27066920360254965,0.24766232129633295,0.2983883389112445,0.36956775502167244,0.387802085743455,0.35297116319910415,48.32056812205157
sg,sg_abc_25k,ecbp,fcct,predicted,0,1.0,1.0,1.0,0.691830985915493,0.6837416481069042,0.7001140250855188,0.5362363162053612,0.49277472056982824,0.5881059025732496,0.24996846822779314,0.2680696331684264,0.23415720969531223,0.4139660649697651,0.37647024940897156,0.45975711488559995,49.26785901162158
sg,sg_abc_25k,ecbp,fcct,predicted,1,1.0,1.0,1.0,0.6914952751528627,0.6746203904555315,0.7092360319270239,0.5129825423987171,0.4499697481291629,0.5965175792694354,0.21808339354837034,0.2586360906957946,0.1885238974348864,0.4014332408897233,0.3523886093775995,0.4663369370655718,47.418707036665005
sg,sg_abc_25k,ecbp,fcct,predicted,2,1.0,1.0,1.0,0.6954620010934937,0.6680672268907563,0.7251995438996579,0.4834881538689334,0.39702144679872386,0.6181041272366166,0.18648936779400818,0.26333938199483575,0.14436074555138587,0.3865132840109745,0.32038077412015037,0.4870492450145673,45.514650758547845
sg,sg_abc_25k,gvc,fcct,predicted,0,1.0,1.0,1.0,0.645985401459854,0.6923076923076923,0.6054732041049031,0.5395928820484482,0.6031199949221496,0.4881732065966576,0.2685560812679587,0.21503947087035824,0.35753550578445104,0.369459152352217,0.3761055514055019,0.36304357966218154,48.471145492542036
sg,sg_abc_25k,gvc,fcct,predicted,1,1.0,1.0,1.0,0.6600583090379009,0.6754176610978521,0.645381984036488,0.5308070985058181,0.5370938680879398,0.5246658014305862,0.2687456817126171,0.243182068086295,0.3003152045644004,0.38539415247387104,0.37325892158986085,0.398344969997021,48.653702975211196
sg,sg_abc_25k,gvc,fcct,predicted,2,1.0,1.0,1.0,0.681044267877412,0.6779661016949152,0.6841505131128849,0.5308668117988714,0.4913552336219961,0.5772885890732172,0.23963884471026606,0.24570565090546265,0.2338644147172476,0.4015442169011826,0.3627517480396699,0.44962708574252636,48.38499747955165
sg,sg_abc_25k,fcct,gvc,closure,0,1.0,1.0,1.0,0.6832,0.8678861788617886,0.5633245382585752,0.5717805568258617,0.8879934237978399,0.421636540357424,0.38416190875805495,0.272847020163673,0.648895244845212,0.4017463979592103,0.6109154486126094,0.29927779534598964,54.63808218613055
sg,sg_abc_25k,fcct,gvc,closure,1,1.0,1.0,1.0,0.5398550724637681,0.861271676300578,0.39313984168865435,0.4913330192665884,0.9319338040158229,0.3336089694436621,0.3091534751853893,0.2038879943784634,0.6391307595801573,0.2803597852962642,0.4931650893796004,0.19584908921727545,44.678052230524855
sg,sg_abc_25k,fcct,gvc,closure,2,1.0,1.0,1.0,0.3864337101747174,0.8744186046511628,0.24802110817941952,0.4358971989769908,0.9617445295678734,0.28181234234861996,0.2533072656163166,0.15986579467225415,0.6096436522216531,0.19363154363436633,0.3284262180161234,0.13728585348399083,35.85460582560083
sg,sg_abc_25k,fcct,gvc,predicted,0,1.0,1.0,1.0,0.6488188976377953,0.8046875,0.5435356200527705,0.5502780812170056,0.8281239615624472,0.41203516344739693,0.37011085573180796,0.2664123699572923,0.6059846135297995,0.37311292383914574,0.5474595914659006,0.28299040952124216,52.30692781955363
sg,sg_abc_25k,fcct,gvc,predicted,1,1.0,1.0,1.0,0.5142348754448399,0.7896174863387978,0.3812664907651715,0.4795261698850769,0.8881453107005155,0.328424270609619,0.29925034807587575,0.19898869299404387,0.6031522559664024,0.2629448256430789,0.45276317326790516,0.18527101975658933,43.10037978019308
sg,sg_abc_25k,fcct,gvc,predicted,2,1.0,1.0,1.0,0.36548223350253806,0.7929515418502202,0.23746701846965698,0.4259732606240091,0.9282960292424013,0.27640436920861955,0.24995413074195133,0.1582927747861667,0.5938029479025114,0.18156861639695,0.2946839584063559,0.13120512602073697,34.713654162283284
ss,ss_abc_25k,abc,ecbp,closure,0,1.0,1.0,1.0,0.7710594315245478,0.7770833333333333,0.7651282051282051,0.7680805534855256,0.8141782593187089,0.7269231193073978,0.7164432662380747,0.7098904314858973,0.7231182035011624,0.6142830497058716,0.672588938051813,0.5652796669818795,75.18610837493827
ss,ss_abc_25k,abc,ecbp,closure,1,1.0,1.0,1.0,0.7794676806083649,0.7263064658990257,0.841025641025641,0.7627474087134296,0.7253143863562879,0.8042544799869247,0.6715232374576234,0.7509507171569122,0.6072905799616768,0.599098535581594,0.6042782956671563,0.594006820651201,73.79127755931393
ss,ss_abc_25k,abc,ecbp,closure,2,1.0,1.0,1.0,0.7890961262553802,0.739247311827957,0.8461538461538461,0.7715903079130398,0.7288643908081912,0.8196373199933602,0.6813477397432255,0.7536896307852397,0.6216769128464585,0.6121768516573066,0.6064436968401837,0.6180194404259176,74.73447246372152
ss,ss_abc_25k,abc,ecbp,predicted,0,1.0,1.0,1.0,0.7740932642487047,0.7821989528795812,0.7661538461538462,0.7731581263862823,0.8250709521932175,0.7273912329235159,0.7164655263117384,0.707781095689778,0.7253657191851762,0.6166900692828384,0.6812258601932307,0.5633237138140955,75.45723056489085
ss,ss_abc_25k,abc,ecbp,predicted,1,1.0,1.0,1.0,0.7861216730038022,0.7325066430469442,0.8482051282051282,0.7766019696812047,0.7428742153625628,0.8135379792020344,0.6732635598388277,0.7528968841208394,0.6088644367238093,0.6113791890014985,0.6207820570820538,0.6022569176937634,74.5329067507945
ss,ss_abc_25k,abc,ecbp,predicted,2,1.0,1.0,1.0,0.7882579403272377,0.742520398912058,0.84,0.7776363780573373,0.7435100247170513,0.8150461675388746,0.688404346439764,0.753482453045591,0.6336740629961057,0.6169702329328535,0.6175839588861404,0.6163577255527024,75.14328882747797
ss,ss_abc_25k,abc,gvc,closure,0,1.0,1.0,1.0,0.7299158377964805,0.8688524590163934,0.6292875989445911,0.6132929469434512,0.869430067537323,0.4737303413815022,0.4269037850978169,0.31593003996666796,0.6580511713295364,0.4612810150909481,0.6412410874555985,0.36019474181488886,59.00375232792495
ss,ss_abc_25k,abc,gvc,closure,1,1.0,1.0,1.0,0.7797325826882476,0.8355957767722474,0.7308707124010554,0.649078537715875,0.7638540335701219,0.5642893193709186,0.4784129080382797,0.3995080013305773,0.5961570175295662,0.5277718110771552,0.6158230074633858,0.4617501567387619,63.57413428141342
ss,ss_abc_25k,abc,gvc,closure,2,1.0,1.0,1.0,0.8057851239669421,0.8429394812680115,0.7717678100263852,0.6565359477169354,0.7118420412534859,0.6092042305584512,0.4989568043250113,0.436829887054971,0.5816853936431479,0.5470202159274711,0.5838144622056293,0.5145888364304937,65.3759292002963
ss,ss_abc_25k,abc,gvc,predicted,0,1.0,1.0,1.0,0.6902788244159759,0.804920913884007,0.604221635883905,0.576321391689187,0.7980199523574919,0.45102247695170894,0.407552307813853,0.30673112171854117,0.6071051217434338,0.41666654940220854,0.5699595882561181,0.32835427903845305,55.805084130633865
ss,ss_abc_25k,abc,gvc,predicted,1,1.0,1.0,1.0,0.744475138121547,0.7811594202898551,0.7110817941952506,0.5996971609604484,0.6691336756352235,0.5433167637229519,0.44331996313980854,0.3855694698572281,0.5214177804805002,0.4716330684011436,0.5185665689608907,0.43249003010131815,59.58307540739347
ss,ss_abc_25k,abc,gvc,predicted,2,1.0,1.0,1.0,0.7731888964116453,0.7941585535465925,0.7532981530343008,0.6038820191871712,0.6248654462348259,0.5842620820483134,0.44887450814693286,0.4111458318156173,0.4942271138923483,0.4886127708660819,0.49409453147623494,0.48325131099823004,60.86484745819165
ss,ss_abc_25k,abc,fcct,predicted,0,1.0,1.0,1.0,0.691830985915493,0.6837416481069042,0.7001140250855188,0.5362363162053612,0.49277472056982824,0.5881059025732496,0.24996846822779314,0.2680696331684264,0.23415720969531223,0.4139660649697651,0.37647024940897156,0.45975711488559995,49.26785901162158
ss,ss_abc_25k,abc,fcct,predicted,1,1.0,1.0,1.0,0.7021978021978021,0.6776246023329798,0.7286202964652223,0.4895206866548967,0.4011459497280075,0.6278366829256441,0.17845391894209992,0.23734371219299288,0.14297813987529692,0.38644293383191,0.3167440580262178,0.49547010776438655,45.67241359315996
ss,ss_abc_25k,abc,fcct,predicted,2,1.0,1.0,1.0,0.6954620010934937,0.6680672268907563,0.7251995438996579,0.4834881538689334,0.39702144679872386,0.6181041272366166,0.18648936779400818,0.26333938199483575,0.14436074555138587,0.3865132840109745,0.32038077412015037,0.4870492450145673,45.514650758547845
ss,ss_bbc_25k,bbc,ecbp,closure,0,1.0,1.0,1.0,0.7786596119929453,0.682907965970611,0.9056410256410257,0.708351468740789,0.5899326705420428,0.8862510694751838,0.5774393432629189,0.765966767449375,0.46338610651906287,0.5530137468691625,0.486456011579691,0.6406715074600074,68.81501413322178
ss,ss_bbc_25k,bbc,ecbp,closure,1,1.0,1.0,1.0,0.760898282694848,0.6666666666666666,0.8861538461538462,0.697542318923563,0.5796226660338898,0.8756956897737367,0.5607253196870553,0.7466683234262544,0.44892853234572316,0.5338800998372356,0.4697232381249989,0.6183350096330932,67.30553071018221
ss,ss_bbc_25k,bbc,ecbp,closure,2,1.0,1.0,1.0,0.758533501896334,0.6437768240343348,0.9230769230769231,0.6339351812087921,0.4863691460433656,0.9100462859753596,0.48563572291010226,0.7545151872961928,0.35804323173558467,0.48373958563213204,0.39227060002981073,0.6308370979831653,62.60348020050761
ss,ss_bbc_25k,bbc,ecbp,predicted,0,1.0,1.0,1.0,0.7712014134275617,0.6772692009309542,0.8953846153846153,0.7128804325369928,0.6007919361900126,0.876385923277802,0.5783189559457914,0.7632396811667472,0.46552879932033897,0.5451973368042621,0.4860411312056739,0.6207488585684225,68.74669339701153
ss,ss_bbc_25k,bbc,ecbp,predicted,1,1.0,1.0,1.0,0.7601410934744267,0.6666666666666666,0.884102564102564,0.7112513462733526,0.6013800931367337,0.8702435562815025,0.5548413690204707,0.7359908098300287,0.44525158308971924,0.5383171471845175,0.4844920718434172,0.605596416875333,67.54112695894166
ss,ss_bbc_25k,bbc,ecbp,predicted,2,1.0,1.0,1.0,0.7503168567807351,0.6379310344827587,0.9107692307692308,0.6519456676970935,0.5109797748767613,0.9003204113864476,0.48270626274297407,0.7420986745520207,0.3576823425169988,0.4924543452793631,0.4111289338757175,0.6138874092053208,62.832292907360085
ss,ss_bbc_25k,bbc,gvc,closure,0,1.0,1.0,1.0,0.8199595414699933,0.8386206896551724,0.8021108179419525,0.6707027604127324,0.6619497705459851,0.6796903345085314,0.4986879351141354,0.4622793026832361,0.5413218777534268,0.5683782556419251,0.5450511010342338,0.5937914028356123,66.31167456656203
ss,ss_bbc_25k,bbc,gvc,closure,1,1.0,1.0,1.0,0.8257978723404256,0.8324396782841823,0.8192612137203166,0.6607699719646482,0.6343633221190427,0.6894705719809487,0.46948376713296097,0.4557427788266304,0.4840791174065245,0.5603458863459334,0.5249140890001902,0.6009072349933448,65.20172038126782
ss,ss_bbc_25k,bbc,gvc,closure,2,1.0,1.0,1.0,0.8234519104084321,0.8223684210526315,0.8245382585751979,0.6467832032857848,0.6001423539483525,0.7012844425545735,0.47591336313480587,0.47840505613551165,0.47344749078695714,0.5551992105336454,0.5037208355053083,0.6183970649437427,64.87161589430076
ss,ss_bbc_25k,bbc,gvc,predicted,0,1.0,1.0,1.0,0.7845230153435624,0.7935222672064778,0.7757255936675461,0.6023725206367306,0.5714451198858407,0.6368391360455117,0.43397381996491396,0.4164082129663341,0.4530866565954931,0.4883559405665354,0.44608844881158854,0.5394716152997813,60.695645198173565
ss,ss_bbc_25k,bbc,gvc,predicted,1,1.0,1.0,1.0,0.7896825396825397,0.7917771883289124,0.787598944591029,0.6009477170144203,0.5630228602396566,0.644350769295149,0.4411148819553326,0.4366365582806591,0.4456860206284448,0.49267925563014714,0.4479581393637805,0.5473199880307036,61.058171288409746
ss,ss_bbc_25k,bbc,gvc,predicted,2,1.0,1.0,1.0,0.7974025974025974,0.7851662404092071,0.8100263852242744,0.5874370427752585,0.5206117017035092,0.6739440076099549,0.42991019703550665,0.4604363648723474,0.40318002934417985,0.4916252926356245,0.4242054061103099,0.5845251431705405,60.49166124044542
ss,ss_bbc_25k,bbc,fcct,predicted,0,1.0,1.0,1.0,0.7175398633257404,0.7167235494880546,0.7183580387685291,0.5507217247734846,0.4779544282799672,0.6496254852540477,0.31328146951745056,0.31519172238036186,0.31139423174927316,0.41803712653287045,0.34514360096605223,0.5299643681548163,52.718101920555846
ss,ss_bbc_25k,bbc,fcct,predicted,1,1.0,1.0,1.0,0.7221905305191101,0.7226027397260274,0.7217787913340935,0.4882670432226494,0.39018073167567785,0.6522287967493088,0.2960972680118775,0.2952107492453749,0.2969891272528771,0.34367872995663046,0.2533302190912537,0.5341961923497233,50.21849472512123
ss,ss_bbc_25k,bbc,fcct,predicted,2,1.0,1.0,1.0,0.7209567198177677,0.7201365187713311,0.7217787913340935,0.4863095797403845,0.41814298767743685,0.5810304442154339,0.3138307939459382,0.31574439634804763,0.31194024699445666,0.3521453765343489,0.28491851127038487,0.4608938297519992,50.703236450136345
baselines,lemma-delta,ecbp,gvc,predicted,0,1.0,1.0,1.0,0.5767045454545455,0.6246153846153846,0.5356200527704486,0.46569161386066454,0.5234136312296171,0.41943621808746673,0.3576352781222814,0.293474796332902,0.45769903469535494,0.2914142215840535,0.3003300310939867,0.2830125121768876,46.66771458124971
baselines,lemma-delta,gvc,gvc,predicted,0,1.0,1.0,1.0,0.6093133385951064,0.7583497053045186,0.5092348284960422,0.5352660189556069,0.7881744304642799,0.4052347926873031,0.3814721287762554,0.2740212689738939,0.6275512999298503,0.35304371003905577,0.4875565425481923,0.2767034956819173,50.86838287756562
baselines,lemma-delta,fcct,ecbp,predicted,0,1.0,1.0,1.0,0.6974833076527992,0.698559670781893,0.6964102564102564,0.6997340569203564,0.7221863629009667,0.678635712437889,0.6880220620855777,0.6867447934059634,0.6893040907726936,0.5321566339008228,0.5638225265591426,0.5038584935798732,69.50798088862445
baselines,lemma-delta,ecbp,ecbp,predicted,0,1.0,1.0,1.0,0.7400109469074987,0.7934272300469484,0.6933333333333334,0.755368985345068,0.8529681469712795,0.6778117424004358,0.7182055062048757,0.6706089128518586,0.7730746225174221,0.6015384105969975,0.6862683092408803,0.5354315272877384,73.78618128191475
baselines,lemma-delta,gvc,ecbp,predicted,0,1.0,1.0,1.0,0.7201861547411286,0.831989247311828,0.6348717948717949,0.759489123956048,0.9045025698396487,0.6545491960978858,0.711991692299715,0.6326142401176522,0.8141470220644568,0.6057465935434491,0.7054213483146069,0.5307522631355727,73.05556569989639
baselines,lemma-delta,fcct,fcct,predicted,0,1.0,1.0,1.0,0.6208559373116335,0.6611039794608472,0.5852272727272727,0.4252950090348281,0.5929692971844952,0.3315440864365746,0.23784671431598411,0.19286072527869125,0.31020369668319614,0.26034911957566775,0.3816945204984117,0.1975466123600562,42.799922022081525
baselines,lemma-delta,ecbp,fcct,predicted,0,1.0,1.0,1.0,0.573791348600509,0.6517341040462428,0.5125,0.39442817460118645,0.6360488951741127,0.2858428731944775,0.24449008876019,0.17956899174477234,0.38293628360029763,0.21824452406096118,0.3600891234981438,0.15656943494013248,40.423653732062846
baselines,lemma-delta,gvc,fcct,predicted,0,1.0,1.0,1.0,0.44281524926686217,0.6239669421487604,0.3431818181818182,0.30557461413152576,0.7710105806664124,0.19054706506459726,0.24399269515367694,0.15803085593583346,0.5350201267225205,0.11810765045218585,0.33994261315485025,0.07146925234067907,33.079418618402165
baselines,lemma-delta,fcct,gvc,predicted,0,1.0,1.0,1.0,0.5469336670838548,0.5202380952380953,0.5765171503957783,0.26292227878012253,0.1873300506595771,0.44079294445000405,0.20656540544281574,0.2828643389847567,0.1626836353746528,0.135348013315713,0.087840278053496,0.294774549305412,33.880711710226436
baselines,lemma,n/a,ecbp,predicted,0,1.0,1.0,1.0,0.6433301797540207,0.5970149253731343,0.6974358974358974,0.6260513306389521,0.5808927700159315,0.6788229783554921,0.58777882083415,0.6629704952622316,0.5279056987119136,0.4314855781554663,0.4280448308986669,0.4349820890854911,61.90534437423744
baselines,lemma,n/a,gvc,predicted,0,1.0,1.0,1.0,0.5484072454715803,0.5207591933570581,0.579155672823219,0.2602305853027285,0.1843729295005632,0.4421449047925007,0.20528837397449426,0.28607315077001283,0.16008238488684656,0.13585974236338802,0.08805417516082335,0.297228106964017,33.79754015829343
baselines,lemma,n/a,fcct,predicted,0,1.0,1.0,1.0,0.6225165562913908,0.6619718309859155,0.5875,0.4262308659972014,0.5929473140198754,0.33268988172592373,0.23896740687861362,0.19433009880128765,0.31022576013458575,0.2617881317430023,0.38358708985458445,0.1986967151504931,42.92382763890686
